RegionID,RegionName,StateName,home_value,rent,rent_burden,rent_leftover,rent_status,required_annual_income_rent,mortgage_total_monthly,mortgage_burden,mortgage_leftover,mortgage_status,required_annual_income_buy
102001,United States,,361045,2203,0.264,819,Comfortable,86777,2337,0.28,686,Comfortable,88931
394913,"New York, NY",NY,721778,3499,0.42,-477,Not Viable,107697,4521,0.543,-1499,Not Viable,124193
753899,"Los Angeles, CA",CA,990630,4318,0.518,-1296,Not Viable,120915,6150,0.738,-3127,Not Viable,150474
394463,"Chicago, IL",IL,354697,2396,0.287,627,Comfortable,89882,2298,0.276,724,Comfortable,88310
394514,"Dallas, TX",TX,362161,2311,0.277,711,Comfortable,88517,2343,0.281,679,Comfortable,89040
394692,"Houston, TX",TX,307346,2149,0.258,873,Comfortable,85908,2011,0.241,1011,Comfortable,83682
395209,"Washington, DC",VA,610707,3090,0.371,-67,Stretched,101083,3849,0.462,-826,Not Viable,113336
394974,"Philadelphia, PA",PA,384321,2187,0.262,836,Comfortable,86508,2478,0.297,545,Comfortable,91206
394856,"Miami, FL",FL,555435,3367,0.404,-345,Not Viable,105563,3514,0.422,-492,Not Viable,107933
394347,"Atlanta, GA",GA,382810,2176,0.261,846,Comfortable,86342,2469,0.296,554,Comfortable,91059
394404,"Boston, MA",MA,747203,3498,0.42,-475,Not Viable,107669,4675,0.561,-1653,Not Viable,126679
394976,"Phoenix, AZ",AZ,452214,2241,0.269,781,Comfortable,87393,2889,0.347,134,Stretched,97843
395057,"San Francisco, CA",CA,1174850,3982,0.478,-960,Not Viable,115493,7266,0.872,-4243,Not Viable,168482
395025,"Riverside, CA",CA,584841,3069,0.368,-47,Stretched,100757,3692,0.443,-670,Not Viable,110808
394532,"Detroit, MI",MI,254819,1555,0.187,1468,Comfortable,76313,1693,0.203,1329,Comfortable,78547
395078,"Seattle, WA",WA,766370,3217,0.386,-195,Stretched,103140,4792,0.575,-1769,Not Viable,128552
394865,"Minneapolis, MN",MN,387745,2394,0.287,629,Comfortable,89855,2498,0.3,524,Comfortable,91541
395056,"San Diego, CA",CA,977251,4068,0.488,-1045,Not Viable,116869,6069,0.728,-3046,Not Viable,149166
395148,"Tampa, FL",FL,370545,2367,0.284,655,Comfortable,89424,2394,0.287,628,Comfortable,89860
394530,"Denver, CO",CO,584221,2835,0.34,188,Stretched,96972,3688,0.443,-666,Not Viable,110747
394358,"Baltimore, MD",MD,403163,2308,0.277,715,Comfortable,88465,2592,0.311,431,Stretched,93048
395121,"St. Louis, MO",MO,268640,1607,0.193,1415,Comfortable,77154,1777,0.213,1245,Comfortable,79898
394943,"Orlando, FL",FL,398752,2412,0.289,610,Comfortable,90155,2565,0.308,457,Stretched,92617
394458,"Charlotte, NC",NC,386022,2095,0.251,927,Comfortable,85037,2488,0.299,535,Comfortable,91373
395055,"San Antonio, TX",TX,276397,1808,0.217,1214,Comfortable,80402,1824,0.219,1198,Comfortable,80657
394998,"Portland, OR",OR,549697,2623,0.315,399,Stretched,93553,3479,0.418,-457,Not Viable,107372
395045,"Sacramento, CA",CA,576389,2713,0.326,310,Stretched,95001,3641,0.437,-618,Not Viable,109981
394982,"Pittsburgh, PA",PA,221908,1609,0.193,1413,Comfortable,77192,1494,0.179,1529,Comfortable,75330
394466,"Cincinnati, OH",OH,307214,2026,0.243,997,Comfortable,83914,2011,0.241,1012,Comfortable,83669
394355,"Austin, TX",TX,428846,2233,0.268,789,Comfortable,87260,2747,0.33,275,Stretched,95559
394775,"Las Vegas, NV",NV,446619,2170,0.26,852,Comfortable,86245,2855,0.343,168,Stretched,97296
394735,"Kansas City, MO",MO,314540,1676,0.201,1346,Comfortable,78268,2055,0.247,967,Comfortable,84385
394492,"Columbus, OH",OH,342158,1952,0.234,1070,Comfortable,82723,2222,0.267,800,Comfortable,87085
394705,"Indianapolis, IN",IN,289823,1806,0.217,1216,Comfortable,80369,1905,0.229,1117,Comfortable,81969
394475,"Cleveland, OH",OH,246501,1663,0.2,1359,Comfortable,78063,1643,0.197,1380,Comfortable,77734
395059,"San Jose, CA",CA,1685026,4434,0.532,-1412,Not Viable,122786,10355,1.243,-7333,Not Viable,218353
394902,"Nashville, TN",TN,454743,2286,0.274,736,Comfortable,88115,2904,0.349,118,Stretched,98090
395194,"Virginia Beach, VA",VA,364337,2127,0.255,895,Comfortable,85548,2357,0.283,666,Comfortable,89253
395005,"Providence, RI",RI,511145,2966,0.356,57,Stretched,99080,3246,0.389,-223,Stretched,103604
394714,"Jacksonville, FL",FL,354519,1988,0.239,1034,Comfortable,83304,2297,0.276,725,Comfortable,88293
394862,"Milwaukee, WI",WI,377744,1686,0.202,1336,Comfortable,78431,2438,0.293,585,Comfortable,90563
394935,"Oklahoma City, OK",OK,241217,1508,0.181,1515,Comfortable,75549,1611,0.193,1412,Comfortable,77218
395012,"Raleigh, NC",NC,435866,2083,0.25,939,Comfortable,84840,2790,0.335,233,Stretched,96245
394849,"Memphis, TN",TN,240373,1568,0.188,1455,Comfortable,76523,1606,0.193,1417,Comfortable,77135
395022,"Richmond, VA",VA,383039,2149,0.258,874,Comfortable,85897,2470,0.296,553,Comfortable,91081
394807,"Louisville, KY",KY,273683,1605,0.193,1417,Comfortable,77126,1808,0.217,1215,Comfortable,80391
394910,"New Orleans, LA",LA,255002,1873,0.225,1150,Comfortable,81446,1694,0.203,1328,Comfortable,78565
395053,"Salt Lake City, UT",UT,569243,2451,0.294,572,Comfortable,90770,3598,0.432,-575,Not Viable,109283
394669,"Hartford, CT",CT,398816,2523,0.303,499,Stretched,91939,2565,0.308,457,Stretched,92623
394425,"Buffalo, NY",NY,274646,1858,0.223,1165,Comfortable,81201,1813,0.218,1209,Comfortable,80485
394388,"Birmingham, AL",AL,253576,1488,0.179,1535,Comfortable,75227,1686,0.202,1337,Comfortable,78426
395031,"Rochester, NY",NY,265146,1939,0.233,1083,Comfortable,82518,1756,0.211,1267,Comfortable,79557
394640,"Grand Rapids, MI",MI,338591,2170,0.26,853,Comfortable,86235,2201,0.264,822,Comfortable,86736
395167,"Tucson, AZ",AZ,349615,1889,0.227,1134,Comfortable,81704,2267,0.272,755,Comfortable,87814
753924,"Urban Honolulu, HI",HI,1026986,3200,0.384,-177,Stretched,102857,6370,0.764,-3347,Not Viable,154028
395169,"Tulsa, OK",OK,247750,1574,0.189,1448,Comfortable,76623,1651,0.198,1372,Comfortable,77856
394619,"Fresno, CA",CA,406850,2395,0.287,627,Comfortable,89879,2614,0.314,408,Stretched,93409
395238,"Worcester, MA",MA,474647,2733,0.328,290,Stretched,95325,3025,0.363,-2,Stretched,100036
394938,"Omaha, NE",NE,296884,1904,0.229,1118,Comfortable,81955,1948,0.234,1074,Comfortable,82659
394415,"Bridgeport, CT",CT,734277,3903,0.468,-881,Not Viable,114214,4597,0.552,-1575,Not Viable,125415
394653,"Greenville, SC",SC,305005,1850,0.222,1172,Comfortable,81079,1997,0.24,1025,Comfortable,83453
394312,"Albuquerque, NM",NM,343094,2063,0.248,960,Comfortable,84510,2228,0.267,795,Comfortable,87176
394357,"Bakersfield, CA",CA,359943,2232,0.268,791,Comfortable,87239,2330,0.28,692,Comfortable,88823
394308,"Albany, NY",NY,353495,2187,0.262,835,Comfortable,86520,2291,0.275,732,Comfortable,88193
394753,"Knoxville, TN",TN,355163,2024,0.243,998,Comfortable,83886,2301,0.276,721,Comfortable,88356
394367,"Baton Rouge, LA",LA,245063,1717,0.206,1305,Comfortable,78934,1634,0.196,1388,Comfortable,77594
394843,"McAllen, TX",TX,190047,1740,0.209,1282,Comfortable,79307,1301,0.156,1721,Comfortable,72216
394908,"New Haven, CT",CT,411229,2827,0.339,196,Stretched,96844,2641,0.317,382,Stretched,93837
394561,"El Paso, TX",TX,226289,1686,0.202,1337,Comfortable,78426,1521,0.182,1502,Comfortable,75758
394318,"Allentown, PA",PA,352035,2154,0.258,869,Comfortable,85982,2282,0.274,740,Comfortable,88050
394952,"Oxnard, CA",CA,895335,3920,0.47,-897,Not Viable,114485,5573,0.669,-2550,Not Viable,141159
394486,"Columbia, SC",SC,249973,1787,0.214,1235,Comfortable,80062,1664,0.2,1359,Comfortable,78073
753906,"North Port, FL",FL,420272,2541,0.305,481,Stretched,92233,2695,0.323,327,Stretched,94721
394457,"Charleston, SC",SC,427695,2461,0.295,562,Comfortable,90934,2740,0.329,282,Stretched,95446
394648,"Greensboro, NC",NC,259958,1750,0.21,1272,Comfortable,79468,1724,0.207,1298,Comfortable,79050
395134,"Stockton, CA",CA,529130,2734,0.328,289,Stretched,95342,3355,0.403,-332,Not Viable,105362
394440,"Cape Coral, FL",FL,353168,2144,0.257,879,Comfortable,85814,2289,0.275,734,Comfortable,88161
394399,"Boise City, ID",ID,480904,2167,0.26,856,Comfortable,86189,3063,0.368,-40,Stretched,100647
394484,"Colorado Springs, CO",CO,454496,2222,0.267,801,Comfortable,87074,2903,0.348,120,Stretched,98066
394798,"Little Rock, AR",AR,223962,1408,0.169,1615,Comfortable,73941,1506,0.181,1516,Comfortable,75531
394766,"Lakeland, FL",FL,301489,2029,0.244,993,Comfortable,83970,1976,0.237,1047,Comfortable,83109
394304,"Akron, OH",OH,230395,1447,0.174,1576,Comfortable,74564,1545,0.185,1477,Comfortable,76160
394531,"Des Moines, IA",IA,296717,1683,0.202,1339,Comfortable,78383,1947,0.234,1075,Comfortable,82643
395115,"Springfield, MA",MA,363810,2557,0.307,466,Stretched,92481,2353,0.282,669,Comfortable,89201
394931,"Ogden, UT",UT,511234,2234,0.268,789,Comfortable,87271,3246,0.39,-224,Stretched,103612
394816,"Madison, WI",WI,447600,2823,0.339,199,Stretched,96787,2861,0.343,162,Stretched,97392
395235,"Winston, NC",NC,273774,1781,0.214,1241,Comfortable,79962,1808,0.217,1214,Comfortable,80400
394528,"Deltona, FL",FL,327411,2060,0.247,963,Comfortable,84460,2133,0.256,890,Comfortable,85643
395143,"Syracuse, NY",NY,248727,2115,0.254,907,Comfortable,85358,1656,0.199,1366,Comfortable,77952
395006,"Provo, UT",UT,550535,2263,0.272,759,Comfortable,87745,3484,0.418,-462,Not Viable,107454
395160,"Toledo, OH",OH,193420,1292,0.155,1730,Comfortable,72071,1321,0.159,1701,Comfortable,72545
395224,"Wichita, KS",KS,214877,1281,0.154,1741,Comfortable,71894,1451,0.174,1571,Comfortable,74643
394549,"Durham, NC",NC,410739,2123,0.255,899,Comfortable,85485,2638,0.317,385,Stretched,93789
394352,"Augusta, GA",GA,240166,1634,0.196,1389,Comfortable,77583,1605,0.193,1418,Comfortable,77115
394957,"Palm Bay, FL",FL,347213,2187,0.262,835,Comfortable,86516,2253,0.27,770,Comfortable,87579
394711,"Jackson, MS",MS,204845,1618,0.194,1404,Comfortable,77337,1391,0.167,1632,Comfortable,73662
394666,"Harrisburg, PA",PA,301321,1760,0.211,1262,Comfortable,79624,1975,0.237,1048,Comfortable,83093
395113,"Spokane, WA",WA,411846,2082,0.25,940,Comfortable,84825,2644,0.317,378,Stretched,93897
395075,"Scranton, PA",PA,219487,1519,0.182,1504,Comfortable,75730,1479,0.178,1543,Comfortable,75093
394460,"Chattanooga, TN",TN,315805,1879,0.225,1144,Comfortable,81538,2063,0.248,960,Comfortable,84509
394871,"Modesto, CA",CA,460946,2407,0.289,616,Comfortable,90064,2942,0.353,81,Stretched,98697
394768,"Lancaster, PA",PA,374466,1697,0.204,1325,Comfortable,78610,2418,0.29,605,Comfortable,90243
394997,"Portland, ME",ME,528653,2789,0.335,234,Stretched,96227,3352,0.402,-329,Not Viable,105315
395245,"Youngstown, OH",OH,162520,1225,0.147,1798,Comfortable,70982,1134,0.136,1888,Comfortable,69525
394770,"Lansing, MI",MI,236746,1793,0.215,1230,Comfortable,80151,1584,0.19,1439,Comfortable,76781
394590,"Fayetteville, AR",AR,360613,1758,0.211,1264,Comfortable,79598,2334,0.28,688,Comfortable,88889
394589,"Fayetteville, NC",NC,250991,1649,0.198,1373,Comfortable,77834,1670,0.2,1352,Comfortable,78173
394792,"Lexington, KY",KY,316970,1855,0.223,1168,Comfortable,81150,2070,0.248,953,Comfortable,84623
394971,"Pensacola, FL",FL,295960,1900,0.228,1122,Comfortable,81891,1942,0.233,1080,Comfortable,82569
395068,"Santa Rosa, CA",CA,793743,3317,0.398,-295,Stretched,104754,4957,0.595,-1935,Not Viable,131228
395019,"Reno, NV",NV,561727,2496,0.3,526,Comfortable,91510,3552,0.426,-530,Not Viable,108548
394698,"Huntsville, AL",AL,309713,1729,0.208,1293,Comfortable,79130,2026,0.243,997,Comfortable,83913
394995,"Port St. Lucie, FL",FL,394374,2608,0.313,415,Stretched,93303,2539,0.305,484,Stretched,92189
394761,"Lafayette, LA",LA,193919,1588,0.191,1435,Comfortable,76842,1324,0.159,1698,Comfortable,72594
394898,"Myrtle Beach, SC",SC,358756,2063,0.248,959,Comfortable,84516,2323,0.279,700,Comfortable,88707
395116,"Springfield, MO",MO,262216,1425,0.171,1598,Comfortable,74211,1738,0.209,1284,Comfortable,79270
395195,"Visalia, CA",CA,355472,1961,0.235,1061,Comfortable,82870,2303,0.276,720,Comfortable,88386
394746,"Killeen, TX",TX,249019,1514,0.182,1509,Comfortable,75649,1658,0.199,1364,Comfortable,77980
394338,"Asheville, NC",NC,425026,2223,0.267,800,Comfortable,87095,2724,0.327,298,Stretched,95185
395244,"York, PA",PA,302341,1468,0.176,1555,Comfortable,74906,1981,0.238,1041,Comfortable,83193
395183,"Vallejo, CA",CA,574902,2960,0.355,63,Stretched,98990,3632,0.436,-609,Not Viable,109836
753917,"Santa Maria, CA",CA,1024527,4864,0.584,-1842,Not Viable,129722,6355,0.763,-3333,Not Viable,153788
395050,"Salinas, CA",CA,840566,4037,0.484,-1015,Not Viable,116377,5241,0.629,-2218,Not Viable,135805
395048,"Salem, OR",OR,445694,2335,0.28,687,Comfortable,88909,2849,0.342,173,Stretched,97206
394870,"Mobile, AL",AL,190864,1451,0.174,1571,Comfortable,74639,1306,0.157,1717,Comfortable,72296
395015,"Reading, PA",PA,303963,1787,0.214,1235,Comfortable,80063,1991,0.239,1032,Comfortable,83351
394502,"Corpus Christi, TX",TX,214210,1922,0.231,1101,Comfortable,82235,1447,0.174,1575,Comfortable,74578
394421,"Brownsville, TX",TX,194882,1782,0.214,1240,Comfortable,79979,1330,0.16,1692,Comfortable,72688
394820,"Manchester, NH",NH,533143,2843,0.341,179,Stretched,97107,3379,0.405,-357,Not Viable,105754
394612,"Fort Wayne, IN",IN,246581,1412,0.169,1611,Comfortable,74006,1643,0.197,1379,Comfortable,77742
394658,"Gulfport, MS",MS,217234,1591,0.191,1431,Comfortable,76901,1466,0.176,1557,Comfortable,74873
395051,"Salisbury, MD",DE,417277,2116,0.254,906,Comfortable,85374,2677,0.321,345,Stretched,94428
394596,"Flint, MI",MI,181417,1059,0.127,1963,Comfortable,68313,1249,0.15,1774,Comfortable,71372
394972,"Peoria, IL",IL,162431,1268,0.152,1755,Comfortable,71681,1134,0.136,1889,Comfortable,69516
394439,"Canton, OH",OH,205713,1244,0.149,1779,Comfortable,71293,1396,0.168,1627,Comfortable,73747
395070,"Savannah, GA",GA,347440,2155,0.259,867,Comfortable,86000,2254,0.271,768,Comfortable,87601
394327,"Anchorage, AK",AK,424210,2389,0.287,634,Comfortable,89769,2719,0.326,303,Stretched,95106
394372,"Beaumont, TX",TX,179559,1485,0.178,1538,Comfortable,75182,1238,0.149,1785,Comfortable,71190
395096,"Shreveport, LA",LA,173034,1263,0.152,1759,Comfortable,71605,1198,0.144,1825,Comfortable,70553
395164,"Trenton, NJ",NJ,447851,2574,0.309,449,Stretched,92756,2862,0.343,160,Stretched,97416
394875,"Montgomery, AL",AL,203894,1430,0.172,1592,Comfortable,74305,1385,0.166,1638,Comfortable,73569
394520,"Davenport, IA",IL,186710,1384,0.166,1639,Comfortable,73553,1281,0.154,1742,Comfortable,71889
395146,"Tallahassee, FL",FL,282992,1650,0.198,1373,Comfortable,77848,1864,0.224,1159,Comfortable,81301
394576,"Eugene, OR",OR,448819,2140,0.257,882,Comfortable,85757,2868,0.344,154,Stretched,97511
394901,"Naples, FL",FL,665724,3932,0.472,-909,Not Viable,114675,4182,0.502,-1159,Not Viable,118714
394332,"Ann Arbor, MI",MI,415160,3210,0.385,-187,Stretched,103022,2664,0.32,358,Stretched,94221
394927,"Ocala, FL",FL,275208,1759,0.211,1263,Comfortable,79610,1817,0.218,1206,Comfortable,80540
394679,"Hickory, NC",NC,260204,1713,0.206,1309,Comfortable,78873,1726,0.207,1297,Comfortable,79074
394697,"Huntington, WV",OH,159789,1170,0.14,1852,Comfortable,70102,1118,0.134,1905,Comfortable,69258
394602,"Fort Collins, CO",CO,561061,2442,0.293,581,Comfortable,90629,3548,0.426,-526,Not Viable,108483
395033,"Rockford, IL",IL,207986,1503,0.18,1519,Comfortable,75483,1410,0.169,1613,Comfortable,73969
394796,"Lincoln, NE",NE,291406,1717,0.206,1305,Comfortable,78929,1915,0.23,1108,Comfortable,82124
394622,"Gainesville, FL",FL,310062,2032,0.244,991,Comfortable,84006,2028,0.243,995,Comfortable,83947
394405,"Boulder, CO",CO,756963,3282,0.394,-259,Stretched,104183,4735,0.568,-1712,Not Viable,127633
394646,"Green Bay, WI",WI,328831,1529,0.183,1494,Comfortable,75890,2142,0.257,881,Comfortable,85782
394488,"Columbus, GA",GA,200631,1425,0.171,1598,Comfortable,74211,1365,0.164,1657,Comfortable,73250
395107,"South Bend, IN",IN,219191,1354,0.163,1668,Comfortable,73074,1478,0.177,1545,Comfortable,75065
395109,"Spartanburg, SC",SC,273332,1680,0.202,1343,Comfortable,78329,1805,0.217,1217,Comfortable,80357
394645,"Greeley, CO",CO,493719,2516,0.302,506,Stretched,91833,3140,0.377,-118,Stretched,101900
394808,"Lubbock, TX",TX,206933,1436,0.172,1587,Comfortable,74392,1403,0.168,1619,Comfortable,73866
394471,"Clarksville, TN",TN,293031,1562,0.187,1461,Comfortable,76425,1925,0.231,1098,Comfortable,82283
395028,"Roanoke, VA",VA,287877,1671,0.201,1352,Comfortable,78187,1894,0.227,1129,Comfortable,81779
394579,"Evansville, IN",IN,215489,1135,0.136,1887,Comfortable,69544,1455,0.175,1567,Comfortable,74703
394747,"Kingsport, TN",TN,240178,1404,0.169,1618,Comfortable,73883,1605,0.193,1418,Comfortable,77116
394741,"Kennewick, WA",WA,434133,2208,0.265,815,Comfortable,86848,2779,0.334,243,Stretched,96076
395179,"Utica, NY",NY,218911,1762,0.211,1261,Comfortable,79650,1476,0.177,1547,Comfortable,75037
394660,"Hagerstown, MD",MD,315467,1812,0.217,1211,Comfortable,80455,2061,0.247,962,Comfortable,84476
394543,"Duluth, MN",MN,247543,2164,0.26,859,Comfortable,86143,1649,0.198,1373,Comfortable,77836
394937,"Olympia, WA",WA,521905,2513,0.302,509,Stretched,91779,3311,0.397,-288,Stretched,104655
394803,"Longview, TX",TX,213802,1609,0.193,1414,Comfortable,77180,1445,0.173,1578,Comfortable,74538
395229,"Wilmington, NC",NC,437944,2230,0.268,792,Comfortable,87213,2802,0.336,220,Stretched,96448
395061,"San Luis Obispo, CA",CA,905535,3419,0.41,-396,Not Viable,106396,5634,0.676,-2612,Not Viable,142156
753875,"Crestview, FL",FL,400368,2070,0.248,952,Comfortable,84629,2575,0.309,448,Stretched,92775
394851,"Merced, CA",CA,413069,2170,0.26,853,Comfortable,86241,2652,0.318,371,Stretched,94016
395197,"Waco, TX",TX,247846,1624,0.195,1398,Comfortable,77434,1651,0.198,1371,Comfortable,77866
394447,"Cedar Rapids, IA",IA,242911,1361,0.163,1661,Comfortable,73187,1621,0.195,1401,Comfortable,77383
394348,"Atlantic City, NJ",NJ,398262,3080,0.37,-58,Stretched,100934,2562,0.307,460,Stretched,92569
394412,"Bremerton, WA",WA,569805,2664,0.32,359,Stretched,94212,3601,0.432,-579,Not Viable,109338
395103,"Sioux Falls, SD",SD,334021,1778,0.213,1245,Comfortable,79911,2173,0.261,849,Comfortable,86289
395065,"Santa Cruz, CA",CA,1141017,4146,0.497,-1123,Not Viable,118130,7061,0.847,-4038,Not Viable,165175
394572,"Erie, PA",PA,210060,1335,0.16,1688,Comfortable,72761,1422,0.171,1600,Comfortable,74172
394924,"Norwich, CT",CT,411856,2536,0.304,486,Stretched,92152,2644,0.317,378,Stretched,93898
394323,"Amarillo, TX",TX,210462,1454,0.174,1569,Comfortable,74683,1425,0.171,1598,Comfortable,74211
394772,"Laredo, TX",TX,213197,1586,0.19,1436,Comfortable,76817,1441,0.173,1581,Comfortable,74479
395171,"Tuscaloosa, AL",AL,213505,1884,0.226,1139,Comfortable,81619,1443,0.173,1579,Comfortable,74509
394483,"College Station, TX",TX,307138,2617,0.314,405,Stretched,93462,2010,0.241,1012,Comfortable,83662
394732,"Kalamazoo, MI",MI,261884,1929,0.231,1094,Comfortable,82346,1736,0.208,1286,Comfortable,79238
394811,"Lynchburg, VA",VA,277461,1580,0.19,1443,Comfortable,76711,1830,0.22,1192,Comfortable,80761
394455,"Charleston, WV",WV,145950,1233,0.148,1789,Comfortable,71119,1034,0.124,1989,Comfortable,67905
395240,"Yakima, WA",WA,347047,1910,0.229,1112,Comfortable,82045,2252,0.27,771,Comfortable,87563
394585,"Fargo, ND",ND,321358,1968,0.236,1054,Comfortable,82981,2096,0.252,926,Comfortable,85052
394387,"Binghamton, NY",NY,188027,1877,0.225,1146,Comfortable,81508,1289,0.155,1734,Comfortable,72018
394609,"Fort Smith, AR",AR,197467,1268,0.152,1755,Comfortable,71675,1346,0.162,1677,Comfortable,72941
394334,"Appleton, WI",WI,332082,1781,0.214,1241,Comfortable,79963,2161,0.259,861,Comfortable,86100
395161,"Topeka, KS",KS,211101,1202,0.144,1820,Comfortable,70619,1429,0.171,1594,Comfortable,74274
394813,"Macon, GA",GA,191218,1366,0.164,1657,Comfortable,73264,1308,0.157,1714,Comfortable,72330
395174,"Tyler, TX",TX,266463,1710,0.205,1313,Comfortable,78813,1764,0.212,1259,Comfortable,79685
394361,"Barnstable Town, MA",MA,771013,2841,0.341,181,Stretched,97078,4820,0.578,-1797,Not Viable,129006
394519,"Daphne, AL",AL,349900,2023,0.243,999,Comfortable,83869,2269,0.272,753,Comfortable,87842
394378,"Bellingham, WA",WA,624717,2704,0.324,319,Stretched,94857,3934,0.472,-911,Not Viable,114706
394429,"Burlington, VT",VT,476453,3388,0.407,-365,Not Viable,105899,3036,0.364,-13,Stretched,100212
395030,"Rochester, MN",MN,330589,2090,0.251,933,Comfortable,84946,2152,0.258,870,Comfortable,85954
753895,"Lafayette, IN",IN,275305,1947,0.234,1076,Comfortable,82638,1817,0.218,1205,Comfortable,80550
394454,"Champaign, IL",IL,231717,1583,0.19,1439,Comfortable,76772,1553,0.186,1469,Comfortable,76289
394848,"Medford, OR",OR,427501,2082,0.25,941,Comfortable,84814,2739,0.329,283,Stretched,95427
394459,"Charlottesville, VA",VA,468126,2394,0.287,628,Comfortable,89858,2985,0.358,37,Stretched,99398
394763,"Lake Charles, LA",LA,194075,1218,0.146,1805,Comfortable,70873,1325,0.159,1697,Comfortable,72609
394773,"Las Cruces, NM",NM,288050,1709,0.205,1314,Comfortable,78800,1895,0.227,1128,Comfortable,81796
394464,"Chico, CA",CA,393390,2048,0.246,974,Comfortable,84280,2533,0.304,490,Stretched,92093
394681,"Hilton Head Island, SC",SC,527759,2600,0.312,423,Stretched,93179,3346,0.402,-324,Not Viable,105228
394346,"Athens, GA",GA,371128,2155,0.259,867,Comfortable,86005,2398,0.288,625,Comfortable,89917
394765,"Lake Havasu City, AZ",AZ,351262,1772,0.213,1251,Comfortable,79815,2277,0.273,745,Comfortable,87975
394485,"Columbia, MO",MO,314897,1677,0.201,1345,Comfortable,78284,2057,0.247,965,Comfortable,84420
395114,"Springfield, IL",IL,188918,1427,0.171,1596,Comfortable,74246,1294,0.155,1728,Comfortable,72105
394691,"Houma, LA",LA,175916,1327,0.159,1696,Comfortable,72634,1215,0.146,1807,Comfortable,70834
394872,"Monroe, LA",LA,158014,982,0.118,2040,Comfortable,67073,1107,0.133,1915,Comfortable,69084
394565,"Elkhart, IN",IN,252283,1413,0.17,1609,Comfortable,74025,1678,0.201,1345,Comfortable,78299
394726,"Johnson City, TN",TN,276083,1727,0.207,1295,Comfortable,79098,1822,0.219,1200,Comfortable,80626
395247,"Yuma, AZ",AZ,280275,1594,0.191,1429,Comfortable,76939,1847,0.222,1175,Comfortable,81036
394623,"Gainesville, GA",GA,388450,2152,0.258,870,Comfortable,85953,2503,0.3,520,Stretched,91610
394716,"Jacksonville, NC",NC,280563,1555,0.187,1468,Comfortable,76314,1849,0.222,1173,Comfortable,81064
394597,"Florence, SC",SC,185048,1343,0.161,1679,Comfortable,72897,1271,0.152,1752,Comfortable,71727
394680,"Hilo, HI",HI,557283,2754,0.33,269,Stretched,95662,3525,0.423,-503,Not Viable,108114
395118,"St. Cloud, MN",MN,305605,1618,0.194,1404,Comfortable,77337,2001,0.24,1022,Comfortable,83512
395011,"Racine, WI",WI,302085,1629,0.195,1394,Comfortable,77507,1980,0.238,1043,Comfortable,83168
394380,"Bend, OR",OR,666064,2600,0.312,423,Stretched,93177,4184,0.502,-1162,Not Viable,118747
395047,"Saginaw, MI",MI,162883,1194,0.143,1828,Comfortable,70496,1137,0.136,1886,Comfortable,69560
395202,"Warner Robins, GA",GA,246368,1628,0.195,1394,Comfortable,77499,1642,0.197,1380,Comfortable,77721
395151,"Terre Haute, IN",IN,160422,983,0.118,2039,Comfortable,67088,1122,0.135,1901,Comfortable,69320
395162,"Torrington, CT",CT,428630,3211,0.385,-189,Stretched,103048,2746,0.33,276,Stretched,95538
395009,"Punta Gorda, FL",FL,309762,2024,0.243,998,Comfortable,83890,2026,0.243,996,Comfortable,83918
394386,"Billings, MT",MT,401732,1770,0.212,1252,Comfortable,79793,2583,0.31,439,Stretched,92908
395018,"Redding, CA",CA,365212,2061,0.247,961,Comfortable,84488,2362,0.283,661,Comfortable,89338
394748,"Kingston, NY",NY,430192,2612,0.314,410,Stretched,93383,2755,0.331,267,Stretched,95690
394960,"Panama City, FL",FL,320744,2043,0.245,980,Comfortable,84183,2093,0.251,930,Comfortable,84992
394729,"Joplin, MO",MO,221450,1290,0.155,1733,Comfortable,72032,1491,0.179,1531,Comfortable,75285
394539,"Dover, DE",DE,362566,2006,0.241,1017,Comfortable,83586,2346,0.282,677,Comfortable,89080
394559,"El Centro, CA",CA,369990,2292,0.275,731,Comfortable,88204,2391,0.287,632,Comfortable,89805
394712,"Jackson, TN",TN,199990,1605,0.193,1418,Comfortable,77114,1361,0.163,1661,Comfortable,73188
395246,"Yuba City, CA",CA,422849,2449,0.294,573,Comfortable,90748,2711,0.325,311,Stretched,94972
394406,"Bowling Green, KY",KY,258924,1610,0.193,1413,Comfortable,77198,1718,0.206,1304,Comfortable,78949
395119,"St. George, UT",UT,536221,2021,0.243,1002,Comfortable,83834,3398,0.408,-375,Not Viable,106055
394896,"Muskegon, MI",MI,237348,1425,0.171,1597,Comfortable,74219,1588,0.191,1435,Comfortable,76839
394299,"Abilene, TX",TX,198668,1621,0.195,1402,Comfortable,77378,1353,0.162,1669,Comfortable,73058
394707,"Iowa City, IA",IA,324384,2516,0.302,507,Stretched,91821,2115,0.254,908,Comfortable,85347
394351,"Auburn, AL",AL,339876,1947,0.234,1075,Comfortable,82643,2208,0.265,814,Comfortable,86862
394860,"Midland, TX",TX,322883,2519,0.302,503,Stretched,91877,2106,0.253,917,Comfortable,85201
753869,"Bloomington, IL",IL,253929,1951,0.234,1072,Comfortable,82701,1688,0.203,1335,Comfortable,78460
394671,"Hattiesburg, MS",MS,209477,1421,0.17,1602,Comfortable,74149,1419,0.17,1604,Comfortable,74115
394944,"Oshkosh, WI",WI,288168,1405,0.169,1618,Comfortable,73891,1895,0.227,1127,Comfortable,81807
394555,"Eau Claire, WI",WI,310522,1393,0.167,1629,Comfortable,73706,2031,0.244,992,Comfortable,83992
394651,"Greenville, NC",NC,254954,1768,0.212,1255,Comfortable,79747,1694,0.203,1328,Comfortable,78560
394428,"Burlington, NC",NC,289371,1710,0.205,1313,Comfortable,78814,1903,0.228,1120,Comfortable,81925
395210,"Waterloo, IA",IA,202298,1264,0.152,1759,Comfortable,71611,1375,0.165,1647,Comfortable,73413
394480,"Coeur d'Alene, ID",ID,581123,2258,0.271,764,Comfortable,87669,3670,0.44,-647,Not Viable,110444
394553,"East Stroudsburg, PA",PA,305823,2124,0.255,898,Comfortable,85503,2002,0.24,1020,Comfortable,83533
395007,"Pueblo, CO",CO,282512,1539,0.185,1483,Comfortable,76059,1861,0.223,1161,Comfortable,81254
394392,"Blacksburg, VA",VA,276337,1919,0.23,1103,Comfortable,82197,1824,0.219,1199,Comfortable,80651
395215,"Wausau, WI",WI,252003,1472,0.177,1550,Comfortable,74983,1676,0.201,1346,Comfortable,78272
394731,"Kahului, HI",HI,1087925,3954,0.475,-932,Not Viable,115041,6739,0.809,-3717,Not Viable,159985
394720,"Janesville, WI",WI,279872,1422,0.171,1601,Comfortable,74167,1845,0.221,1177,Comfortable,80996
395170,"Tupelo, MS",MS,178701,1384,0.166,1639,Comfortable,73553,1232,0.148,1790,Comfortable,71107
394393,"Bloomington, IN",IN,301620,2208,0.265,815,Comfortable,86847,1977,0.237,1046,Comfortable,83122
394930,"Odessa, TX",TX,245443,2207,0.265,815,Comfortable,86843,1637,0.196,1386,Comfortable,77631
394710,"Jackson, MI",MI,214133,1260,0.151,1763,Comfortable,71552,1447,0.174,1576,Comfortable,74570
395125,"State College, PA",PA,336356,2055,0.247,967,Comfortable,84392,2187,0.262,835,Comfortable,86518
395079,"Sebastian, FL",FL,370878,2336,0.28,687,Comfortable,88916,2396,0.288,626,Comfortable,89892
394814,"Madera, CA",CA,416949,2434,0.292,589,Comfortable,90495,2675,0.321,347,Stretched,94396
394523,"Decatur, AL",AL,226295,1359,0.163,1663,Comfortable,73155,1521,0.182,1502,Comfortable,75759
394453,"Chambersburg, PA",PA,279669,1467,0.176,1555,Comfortable,74901,1844,0.221,1179,Comfortable,80976
394703,"Idaho Falls, ID",ID,397621,1827,0.219,1196,Comfortable,80697,2558,0.307,464,Stretched,92506
394639,"Grand Junction, CO",CO,428417,1992,0.239,1031,Comfortable,83366,2745,0.329,278,Stretched,95517
394563,"Elizabethtown, KY",KY,247068,1619,0.194,1403,Comfortable,77348,1646,0.198,1376,Comfortable,77790
394917,"Niles, MI",MI,259975,1891,0.227,1132,Comfortable,81734,1725,0.207,1298,Comfortable,79051
394873,"Monroe, MI",MI,254647,1497,0.18,1526,Comfortable,75379,1692,0.203,1330,Comfortable,78530
395066,"Santa Fe, NM",NM,558240,2638,0.317,385,Stretched,93791,3531,0.424,-509,Not Viable,108207
394493,"Concord, NH",NH,484318,3175,0.381,-152,Stretched,102461,3083,0.37,-61,Stretched,100981
394314,"Alexandria, LA",LA,163958,1089,0.131,1933,Comfortable,68798,1143,0.137,1879,Comfortable,69665
394359,"Bangor, ME",ME,270855,1772,0.213,1250,Comfortable,79820,1790,0.215,1232,Comfortable,80115
394685,"Homosassa Springs, FL",FL,273355,1749,0.21,1274,Comfortable,79444,1806,0.217,1217,Comfortable,80359
394662,"Hanford, CA",CA,354469,2095,0.251,927,Comfortable,85038,2297,0.276,726,Comfortable,88288
394723,"Jefferson City, MO",MO,259813,1592,0.191,1431,Comfortable,76907,1724,0.207,1299,Comfortable,79035
394598,"Florence, AL",AL,204608,1459,0.175,1563,Comfortable,74772,1389,0.167,1633,Comfortable,73639
394537,"Dothan, AL",AL,189677,1323,0.159,1700,Comfortable,72562,1299,0.156,1724,Comfortable,72180
394306,"Albany, GA",GA,162544,1113,0.134,1909,Comfortable,69181,1134,0.136,1888,Comfortable,69527
395102,"Sioux City, IA",IA,213946,1300,0.156,1723,Comfortable,72199,1446,0.173,1577,Comfortable,74552
395223,"Wichita Falls, TX",TX,169863,1297,0.156,1726,Comfortable,72149,1179,0.141,1844,Comfortable,70243
395182,"Valdosta, GA",GA,215869,1429,0.171,1594,Comfortable,74279,1457,0.175,1565,Comfortable,74740
394800,"Logan, UT",UT,455000,1714,0.206,1309,Comfortable,78873,2906,0.349,117,Stretched,98115
394595,"Flagstaff, AZ",AZ,632165,2485,0.298,538,Comfortable,91322,3979,0.477,-956,Not Viable,115434
395036,"Rocky Mount, NC",NC,193705,1296,0.155,1727,Comfortable,72128,1323,0.159,1699,Comfortable,72573
395000,"Pottsville, PA",PA,155707,1272,0.153,1750,Comfortable,71755,1093,0.131,1929,Comfortable,68859
394515,"Dalton, GA",GA,244841,1748,0.21,1275,Comfortable,79422,1633,0.196,1390,Comfortable,77572
394783,"Lebanon, PA",PA,302257,1648,0.198,1375,Comfortable,77810,1981,0.238,1042,Comfortable,83184
394880,"Morristown, TN",TN,285340,1676,0.201,1347,Comfortable,78262,1878,0.225,1144,Comfortable,81531
395232,"Winchester, VA",VA,377770,2049,0.246,974,Comfortable,84283,2438,0.293,585,Comfortable,90566
395221,"Wheeling, WV",OH,136533,977,0.117,2046,Comfortable,66980,977,0.117,2046,Comfortable,66985
394879,"Morgantown, WV",WV,215701,1966,0.236,1057,Comfortable,82946,1456,0.175,1566,Comfortable,74723
394756,"La Crosse, WI",WI,314962,1757,0.211,1265,Comfortable,79576,2058,0.247,965,Comfortable,84426
394900,"Napa, CA",CA,886500,3621,0.434,-598,Not Viable,109652,5519,0.662,-2497,Not Viable,140295
395013,"Rapid City, SD",SD,360889,1906,0.229,1116,Comfortable,81980,2336,0.28,687,Comfortable,88916
395139,"Sumter, SC",SC,202660,1519,0.182,1503,Comfortable,75734,1377,0.165,1645,Comfortable,73449
394577,"Eureka, CA",CA,421224,2220,0.266,803,Comfortable,87048,2701,0.324,321,Stretched,94814
395117,"Springfield, OH",OH,193759,1359,0.163,1663,Comfortable,73154,1324,0.159,1699,Comfortable,72579
394668,"Harrisonburg, VA",VA,344181,1797,0.216,1226,Comfortable,80220,2235,0.268,788,Comfortable,87283
394368,"Battle Creek, MI",MI,179074,1676,0.201,1346,Comfortable,78270,1235,0.148,1788,Comfortable,71143
395094,"Sherman, TX",TX,287659,1618,0.194,1404,Comfortable,77334,1892,0.227,1130,Comfortable,81757
394821,"Manhattan, KS",KS,259453,1525,0.183,1498,Comfortable,75825,1721,0.207,1301,Comfortable,79000
394442,"Carbondale, IL",IL,145794,1075,0.129,1947,Comfortable,68575,1033,0.124,1989,Comfortable,67890
394727,"Johnstown, PA",PA,109973,912,0.109,2110,Comfortable,65943,816,0.098,2206,Comfortable,64388
394728,"Jonesboro, AR",AR,197832,1530,0.184,1493,Comfortable,75910,1348,0.162,1674,Comfortable,72977
394390,"Bismarck, ND",ND,354178,1712,0.206,1310,Comfortable,78857,2295,0.275,727,Comfortable,88260
394661,"Hammond, LA",LA,218180,1513,0.182,1510,Comfortable,75636,1471,0.177,1551,Comfortable,74966
394983,"Pittsfield, MA",MA,377301,2685,0.322,338,Stretched,94553,2435,0.292,587,Comfortable,90520
394890,"Mount Vernon, WA",WA,576657,2493,0.299,529,Comfortable,91459,3643,0.437,-620,Not Viable,110007
395153,"The Villages, FL",FL,389811,2179,0.262,843,Comfortable,86391,2511,0.301,512,Stretched,91743
394307,"Albany, OR",OR,404023,2152,0.258,870,Comfortable,85958,2597,0.312,426,Stretched,93132
394780,"Lawton, OK",OK,149271,1172,0.141,1850,Comfortable,70139,1054,0.126,1968,Comfortable,68230
394474,"Cleveland, TN",TN,302372,1506,0.181,1516,Comfortable,75532,1981,0.238,1041,Comfortable,83196
395098,"Sierra Vista, AZ",AZ,258115,1600,0.192,1422,Comfortable,77047,1713,0.206,1309,Comfortable,78869
394325,"Ames, IA",IA,281789,1554,0.187,1468,Comfortable,76304,1857,0.223,1166,Comfortable,81184
394824,"Mansfield, OH",OH,185869,1221,0.147,1802,Comfortable,70924,1276,0.153,1747,Comfortable,71807
395128,"Staunton, VA",VA,318576,1645,0.197,1378,Comfortable,77764,2079,0.25,943,Comfortable,84780
394353,"Augusta, ME",ME,308862,1853,0.222,1169,Comfortable,81130,2021,0.242,1002,Comfortable,83830
394321,"Altoona, PA",PA,166290,1219,0.146,1804,Comfortable,70888,1157,0.139,1865,Comfortable,69893
394905,"New Bern, NC",NC,253552,1587,0.19,1435,Comfortable,76832,1686,0.202,1337,Comfortable,78423
394588,"Farmington, NM",NM,259739,1629,0.195,1394,Comfortable,77508,1723,0.207,1299,Comfortable,79028
395120,"St. Joseph, MO",MO,202862,1005,0.121,2018,Comfortable,67436,1379,0.165,1644,Comfortable,73468
395054,"San Angelo, TX",TX,241928,1585,0.19,1437,Comfortable,76806,1615,0.194,1407,Comfortable,77287
395218,"Wenatchee, WA",WA,527074,2456,0.295,567,Comfortable,90850,3342,0.401,-320,Not Viable,105161
394949,"Owensboro, KY",KY,202019,1561,0.187,1462,Comfortable,76404,1374,0.165,1649,Comfortable,73386
394778,"Lawrence, KS",KS,324954,1947,0.234,1076,Comfortable,82639,2118,0.254,904,Comfortable,85403
394635,"Goldsboro, NC",NC,176307,1442,0.173,1580,Comfortable,74492,1218,0.146,1805,Comfortable,70873
395213,"Watertown, NY",NY,217090,1682,0.202,1341,Comfortable,78364,1465,0.176,1558,Comfortable,74859
395089,"Sheboygan, WI",WI,309391,1253,0.15,1769,Comfortable,71446,2024,0.243,999,Comfortable,83882
395217,"Weirton, WV",OH,126878,993,0.119,2029,Comfortable,67245,918,0.11,2104,Comfortable,66041
394867,"Missoula, MT",MT,562922,2336,0.28,687,Comfortable,88919,3559,0.427,-537,Not Viable,108665
394407,"Bozeman, MT",MT,731057,2610,0.313,413,Stretched,93339,4578,0.549,-1555,Not Viable,125100
394333,"Anniston, AL",AL,167123,1216,0.146,1806,Comfortable,70850,1162,0.139,1860,Comfortable,69975
394374,"Beckley, WV",WV,144686,1094,0.131,1929,Comfortable,68869,1026,0.123,1996,Comfortable,67782
395225,"Williamsport, PA",PA,224602,1812,0.217,1210,Comfortable,80471,1510,0.181,1512,Comfortable,75594
394423,"Brunswick, GA",GA,306986,2079,0.249,944,Comfortable,84766,2009,0.241,1013,Comfortable,83647
753872,"California, MD",MD,425847,2374,0.285,648,Comfortable,89535,2729,0.327,293,Stretched,95266
395173,"Twin Falls, ID",ID,371364,1871,0.225,1151,Comfortable,81417,2399,0.288,623,Comfortable,89940
394495,"Cookeville, TN",TN,285761,1759,0.211,1264,Comfortable,79602,1881,0.226,1142,Comfortable,81572
394893,"Muncie, IN",IN,159690,1305,0.157,1717,Comfortable,72281,1117,0.134,1905,Comfortable,69248
394857,"Michigan City, IN",IN,246788,1479,0.178,1543,Comfortable,75091,1645,0.197,1378,Comfortable,77762
395039,"Roseburg, OR",OR,339426,1591,0.191,1432,Comfortable,76894,2206,0.265,817,Comfortable,86818
394804,"Longview, WA",WA,412674,1926,0.231,1097,Comfortable,82299,2649,0.318,373,Stretched,93978
394734,"Kankakee, IL",IL,211147,1630,0.196,1393,Comfortable,77518,1429,0.171,1594,Comfortable,74278
395095,"Show Low, AZ",AZ,391671,2173,0.261,850,Comfortable,86288,2522,0.303,500,Stretched,91925
395023,"Richmond, KY",KY,256679,1464,0.176,1559,Comfortable,74843,1705,0.205,1318,Comfortable,78729
395168,"Tullahoma, TN",TN,309018,1686,0.202,1336,Comfortable,78431,2022,0.243,1001,Comfortable,83845
395222,"Whitewater, WI",WI,402242,2209,0.265,813,Comfortable,86877,2586,0.31,436,Stretched,92958
394709,"Ithaca, NY",NY,342432,2548,0.306,475,Stretched,92338,2224,0.267,799,Comfortable,87112
394637,"Grand Forks, ND",MN,265423,1568,0.188,1455,Comfortable,76519,1758,0.211,1265,Comfortable,79584
394524,"Decatur, IL",IL,118301,1106,0.133,1916,Comfortable,69075,866,0.104,2156,Comfortable,65202
394762,"LaGrange, GA",GA,196157,1368,0.164,1655,Comfortable,73295,1338,0.161,1684,Comfortable,72813
394369,"Bay City, MI",MI,172912,1106,0.133,1917,Comfortable,69065,1197,0.144,1825,Comfortable,70541
394620,"Gadsden, AL",AL,181243,944,0.113,2079,Comfortable,66451,1248,0.15,1775,Comfortable,71355
394733,"Kalispell, MT",MT,636753,2714,0.326,309,Stretched,95016,4007,0.481,-984,Not Viable,115882
394518,"Danville, VA",VA,160956,1253,0.15,1770,Comfortable,71439,1125,0.135,1898,Comfortable,69372
394823,"Mankato, MN",MN,298460,1791,0.215,1232,Comfortable,80122,1958,0.235,1065,Comfortable,82813
394794,"Lima, OH",OH,183895,1378,0.165,1644,Comfortable,73466,1264,0.152,1759,Comfortable,71614
395166,"Truckee, CA",CA,599984,2712,0.325,311,Stretched,94989,3784,0.454,-761,Not Viable,112288
395080,"Sebring, FL",FL,234023,1611,0.193,1411,Comfortable,77223,1567,0.188,1455,Comfortable,76514
394462,"Cheyenne, WY",WY,378048,1868,0.224,1154,Comfortable,81367,2440,0.293,583,Comfortable,90593
394689,"Hot Springs, AR",AR,238957,1532,0.184,1491,Comfortable,75941,1597,0.192,1425,Comfortable,76997
395090,"Shelby, NC",NC,202447,1270,0.152,1753,Comfortable,71714,1376,0.165,1646,Comfortable,73428
394542,"Dubuque, IA",IA,265435,1503,0.18,1520,Comfortable,75470,1758,0.211,1265,Comfortable,79585
753912,"Pinehurst, NC",NC,413243,2135,0.256,887,Comfortable,85679,2653,0.318,370,Stretched,94033
395038,"Rome, GA",GA,228127,1365,0.164,1657,Comfortable,73255,1532,0.184,1491,Comfortable,75938
395086,"Sevierville, TN",TN,398665,1944,0.233,1079,Comfortable,82586,2565,0.308,458,Stretched,92608
394882,"Moses Lake, WA",WA,356589,1912,0.229,1110,Comfortable,82084,2310,0.277,713,Comfortable,88495
394441,"Cape Girardeau, MO",MO,221855,1350,0.162,1672,Comfortable,73008,1494,0.179,1529,Comfortable,75325
394311,"Albertville, AL",AL,233246,1529,0.184,1493,Comfortable,75898,1563,0.188,1460,Comfortable,76438
394580,"Fairbanks, AK",AK,297469,2147,0.258,875,Comfortable,85870,1952,0.234,1071,Comfortable,82716
394410,"Brainerd, MN",MN,343590,1309,0.157,1713,Comfortable,72347,2231,0.268,792,Comfortable,87225
394513,"Cumberland, MD",MD,160519,1117,0.134,1906,Comfortable,69240,1122,0.135,1900,Comfortable,69329
394505,"Corvallis, OR",OR,552070,2370,0.284,653,Comfortable,89466,3494,0.419,-471,Not Viable,107604
394988,"Pocatello, ID",ID,339790,1679,0.201,1343,Comfortable,78318,2208,0.265,815,Comfortable,86853
394501,"Corning, NY",NY,163754,1471,0.177,1551,Comfortable,74963,1142,0.137,1881,Comfortable,69646
395140,"Sunbury, PA",PA,158431,1031,0.124,1991,Comfortable,67859,1110,0.133,1913,Comfortable,69125
395175,"Ukiah, CA",CA,483191,2100,0.252,923,Comfortable,85111,3076,0.369,-54,Stretched,100871
753887,"Hermiston, OR",OR,303850,1730,0.208,1292,Comfortable,79141,1990,0.239,1032,Comfortable,83340
394964,"Parkersburg, WV",WV,166733,1345,0.161,1678,Comfortable,72925,1160,0.139,1863,Comfortable,69937
394980,"Pine Bluff, AR",AR,95150,899,0.108,2123,Comfortable,65730,726,0.087,2296,Comfortable,62939
394641,"Grants Pass, OR",OR,385887,1795,0.215,1227,Comfortable,80193,2487,0.298,535,Comfortable,91359
394511,"Cullman, AL",AL,248767,1579,0.189,1444,Comfortable,76696,1657,0.199,1366,Comfortable,77956
394809,"Lufkin, TX",TX,196929,1400,0.168,1623,Comfortable,73813,1343,0.161,1680,Comfortable,72888
394925,"Oak Harbor, WA",WA,633789,2491,0.299,532,Comfortable,91420,3989,0.479,-966,Not Viable,115592
394942,"Orangeburg, SC",SC,154753,1183,0.142,1839,Comfortable,70316,1087,0.13,1935,Comfortable,68766
394644,"Great Falls, MT",MT,332025,1852,0.222,1171,Comfortable,81105,2161,0.259,862,Comfortable,86094
395042,"Russellville, AR",AR,192981,1050,0.126,1973,Comfortable,68164,1319,0.158,1704,Comfortable,72502
394859,"Midland, MI",MI,228608,1727,0.207,1296,Comfortable,79089,1535,0.184,1488,Comfortable,75985
394755,"Kokomo, IN",IN,184289,1136,0.136,1887,Comfortable,69552,1266,0.152,1756,Comfortable,71653
394395,"Bloomsburg, PA",PA,238340,1458,0.175,1565,Comfortable,74742,1594,0.191,1429,Comfortable,76936
394675,"Helena, MT",MT,464507,2141,0.257,882,Comfortable,85770,2963,0.356,59,Stretched,99045
394744,"Key West, FL",FL,987738,4381,0.526,-1359,Not Viable,121926,6132,0.736,-3110,Not Viable,150191
395145,"Talladega, AL",AL,174460,1169,0.14,1854,Comfortable,70079,1207,0.145,1816,Comfortable,70692
395133,"Stillwater, OK",OK,232762,1596,0.192,1426,Comfortable,76983,1560,0.187,1463,Comfortable,76391
394489,"Columbus, IN",IN,268418,1687,0.202,1336,Comfortable,78439,1776,0.213,1247,Comfortable,79877
394345,"Athens, TX",TX,267588,1447,0.174,1576,Comfortable,74567,1771,0.212,1252,Comfortable,79795
394452,"Centralia, WA",WA,423140,1945,0.233,1078,Comfortable,82609,2713,0.326,310,Stretched,95001
394822,"Manitowoc, WI",WI,247514,915,0.11,2108,Comfortable,65985,1649,0.198,1373,Comfortable,77833
394682,"Hinesville, GA",GA,255441,1758,0.211,1264,Comfortable,79595,1697,0.204,1325,Comfortable,78608
395126,"Statesboro, GA",GA,284364,1727,0.207,1295,Comfortable,79095,1872,0.225,1150,Comfortable,81435
394445,"Casper, WY",WY,305509,1348,0.162,1674,Comfortable,72979,2000,0.24,1022,Comfortable,83502
395231,"Wilson, NC",NC,216734,1482,0.178,1540,Comfortable,75145,1463,0.176,1560,Comfortable,74824
753881,"Glenwood Springs, CO",CO,936270,14732,1.768,-11709,Not Viable,288985,5821,0.698,-2798,Not Viable,145160
395085,"Seneca, SC",SC,279123,1604,0.193,1418,Comfortable,77113,1841,0.221,1182,Comfortable,80923
394866,"Minot, ND",ND,265099,1657,0.199,1366,Comfortable,77956,1756,0.211,1267,Comfortable,79552
395077,"Searcy, AR",AR,201746,1498,0.18,1524,Comfortable,75400,1372,0.165,1651,Comfortable,73359
394638,"Grand Island, NE",NE,251195,1446,0.174,1577,Comfortable,74553,1671,0.201,1351,Comfortable,78193
394994,"Port Angeles, WA",WA,490547,2139,0.257,884,Comfortable,85739,3121,0.375,-99,Stretched,101590
394699,"Huntsville, TX",TX,266730,1679,0.201,1344,Comfortable,78314,1765,0.212,1257,Comfortable,79712
394674,"Heber, UT",UT,1173644,3773,0.453,-750,Not Viable,112110,7258,0.871,-4236,Not Viable,168364
395062,"Sandusky, OH",OH,222144,1733,0.208,1290,Comfortable,79182,1495,0.179,1527,Comfortable,75353
394593,"Findlay, OH",OH,228540,1448,0.174,1575,Comfortable,74580,1534,0.184,1488,Comfortable,75978
394614,"Frankfort, KY",KY,247302,1466,0.176,1556,Comfortable,74880,1648,0.198,1375,Comfortable,77812
394516,"Danville, IL",IL,93026,875,0.105,2148,Comfortable,65334,713,0.086,2309,Comfortable,62732
394298,"Aberdeen, WA",WA,319455,1803,0.216,1219,Comfortable,80321,2085,0.25,938,Comfortable,84866
753893,"Jefferson, GA",GA,399311,2268,0.272,755,Comfortable,87815,2568,0.308,454,Stretched,92672
394736,"Kapaa, HI",HI,1038986,5000,0.6,-1977,Not Viable,131917,6443,0.773,-3420,Not Viable,155201
394955,"Palatka, FL",FL,209659,1453,0.174,1569,Comfortable,74674,1420,0.17,1603,Comfortable,74133
395088,"Shawnee, OK",OK,187878,1106,0.133,1916,Comfortable,69071,1288,0.155,1735,Comfortable,72004
395132,"Stevens Point, WI",WI,301354,1562,0.188,1460,Comfortable,76436,1975,0.237,1047,Comfortable,83096
394647,"Greeneville, TN",TN,239754,1408,0.169,1614,Comfortable,73948,1602,0.192,1420,Comfortable,77075
394655,"Greenwood, SC",SC,166506,1436,0.172,1587,Comfortable,74391,1158,0.139,1864,Comfortable,69915
394764,"Lake City, FL",FL,265608,1527,0.183,1495,Comfortable,75866,1759,0.211,1264,Comfortable,79602
394752,"Klamath Falls, OR",OR,306750,1500,0.18,1522,Comfortable,75429,2008,0.241,1015,Comfortable,83624
394877,"Morehead City, NC",NC,467449,1941,0.233,1081,Comfortable,82545,2981,0.358,41,Stretched,99332
394472,"Clearlake, CA",CA,300842,1993,0.239,1030,Comfortable,83377,1972,0.237,1050,Comfortable,83046
394305,"Alamogordo, NM",NM,227311,1582,0.19,1441,Comfortable,76743,1527,0.183,1496,Comfortable,75858
395027,"Roanoke Rapids, NC",NC,100448,1388,0.166,1635,Comfortable,73611,758,0.091,2264,Comfortable,63457
394897,"Muskogee, OK",OK,151011,1064,0.128,1958,Comfortable,68392,1065,0.128,1958,Comfortable,68400
394885,"Mount Pleasant, MI",MI,214430,1468,0.176,1555,Comfortable,74907,1449,0.174,1574,Comfortable,74599
395016,"Red Bluff, CA",CA,308579,1683,0.202,1339,Comfortable,78382,2019,0.242,1004,Comfortable,83802
395040,"Roswell, NM",NM,165793,1315,0.158,1708,Comfortable,72434,1154,0.138,1868,Comfortable,69845
395092,"Shelton, WA",WA,445790,2400,0.288,623,Comfortable,89951,2850,0.342,173,Stretched,97215
394540,"Dublin, GA",GA,163433,1272,0.153,1750,Comfortable,71755,1140,0.137,1883,Comfortable,69614
395105,"Somerset, KY",KY,168463,1254,0.15,1768,Comfortable,71459,1170,0.14,1852,Comfortable,70106
394496,"Coos Bay, OR",OR,344143,1665,0.2,1358,Comfortable,78090,2234,0.268,788,Comfortable,87279
395020,"Rexburg, ID",ID,420639,1690,0.203,1332,Comfortable,78500,2698,0.324,325,Stretched,94756
394343,"Athens, OH",OH,177513,1437,0.172,1586,Comfortable,74406,1225,0.147,1797,Comfortable,70990
395063,"Sanford, NC",NC,287694,1839,0.221,1183,Comfortable,80901,1892,0.227,1130,Comfortable,81761
394570,"Enid, OK",OK,137531,1250,0.15,1773,Comfortable,71387,983,0.118,2040,Comfortable,67082
395199,"Walla Walla, WA",WA,408337,1921,0.23,1102,Comfortable,82219,2623,0.315,399,Stretched,93554
394701,"Hutchinson, KS",KS,147787,876,0.105,2146,Comfortable,65356,1045,0.125,1977,Comfortable,68085
394693,"Hudson, NY",NY,461448,3837,0.46,-814,Not Viable,113144,2945,0.353,78,Stretched,98746
395124,"Starkville, MS",MS,244688,1549,0.186,1474,Comfortable,76214,1632,0.196,1391,Comfortable,77557
394443,"Carlsbad, NM",NM,229243,1750,0.21,1273,Comfortable,79462,1538,0.185,1484,Comfortable,76047
394509,"Crossville, TN",TN,302868,1737,0.208,1286,Comfortable,79247,1984,0.238,1038,Comfortable,83244
395049,"Salina, KS",KS,170640,1161,0.139,1862,Comfortable,69955,1183,0.142,1839,Comfortable,70319
394490,"Columbus, MS",MS,177924,1587,0.19,1436,Comfortable,76830,1228,0.147,1795,Comfortable,71031
394336,"Ardmore, OK",OK,177187,1098,0.132,1924,Comfortable,68944,1223,0.147,1799,Comfortable,70959
394592,"Fernley, NV",NV,402322,2079,0.249,944,Comfortable,84769,2587,0.31,436,Stretched,92966
394444,"Carson City, NV",NV,484285,2248,0.27,775,Comfortable,87499,3083,0.37,-61,Stretched,100978
394432,"Calhoun, GA",GA,271347,1789,0.215,1233,Comfortable,80099,1793,0.215,1229,Comfortable,80163
394582,"Fairmont, WV",WV,158448,1150,0.138,1873,Comfortable,69778,1110,0.133,1913,Comfortable,69127
394621,"Gaffney, SC",SC,178476,1224,0.147,1799,Comfortable,70964,1231,0.148,1792,Comfortable,71085
394411,"Branson, MO",MO,270600,1772,0.213,1250,Comfortable,79823,1789,0.215,1234,Comfortable,80090
394446,"Cedar City, UT",UT,407588,1603,0.192,1419,Comfortable,77095,2619,0.314,404,Stretched,93481
394951,"Oxford, MS",MS,397607,2821,0.338,202,Stretched,96741,2558,0.307,464,Stretched,92505
394721,"Jasper, IN",IN,233704,1412,0.169,1610,Comfortable,74015,1565,0.188,1457,Comfortable,76483
394556,"Edwards, CO",CO,1441675,5049,0.606,-2026,Not Viable,132701,8882,1.066,-5859,Not Viable,194565
394547,"Durango, CO",CO,692432,2539,0.305,483,Stretched,92201,4344,0.521,-1321,Not Viable,121325
394750,"Kinston, NC",NC,144683,1079,0.13,1943,Comfortable,68635,1026,0.123,1996,Comfortable,67781
394566,"Elko, NV",NV,356205,1892,0.227,1131,Comfortable,81748,2307,0.277,715,Comfortable,88458
395122,"St. Marys, GA",GA,301914,1845,0.221,1177,Comfortable,80996,1979,0.237,1044,Comfortable,83151
394402,"Boone, NC",NC,511499,1999,0.24,1023,Comfortable,83484,3248,0.39,-225,Stretched,103638
395204,"Warrensburg, MO",MO,272424,1303,0.156,1720,Comfortable,72245,1800,0.216,1223,Comfortable,80268
394604,"Fort Leonard Wood, MO",MO,222289,1509,0.181,1514,Comfortable,75572,1496,0.18,1526,Comfortable,75367
394562,"Elizabeth City, NC",NC,261832,1581,0.19,1441,Comfortable,76742,1736,0.208,1287,Comfortable,79233
394344,"Athens, TN",TN,246911,1253,0.15,1769,Comfortable,71446,1645,0.197,1377,Comfortable,77774
394571,"Enterprise, AL",AL,172649,1370,0.164,1652,Comfortable,73336,1196,0.143,1827,Comfortable,70515
394339,"Ashland, OH",OH,233562,1037,0.124,1986,Comfortable,67949,1565,0.188,1458,Comfortable,76469
394861,"Milledgeville, GA",GA,228713,1269,0.152,1754,Comfortable,71692,1535,0.184,1487,Comfortable,75995
394742,"Kerrville, TX",TX,371660,1923,0.231,1099,Comfortable,82260,2401,0.288,622,Comfortable,89969
394363,"Bartlesville, OK",OK,181026,1071,0.129,1952,Comfortable,68500,1246,0.15,1776,Comfortable,71334
394503,"Corsicana, TX",TX,218782,1620,0.194,1403,Comfortable,77364,1475,0.177,1547,Comfortable,75025
394838,"Mason City, IA",IA,188829,1000,0.12,2023,Comfortable,67357,1294,0.155,1729,Comfortable,72097
394954,"Pahrump, NV",NV,355917,1846,0.222,1176,Comfortable,81020,2306,0.277,717,Comfortable,88430
753905,"Newport, OR",OR,483788,2366,0.284,657,Comfortable,89401,3080,0.37,-58,Stretched,100929
753911,"Ozark, AL",AL,157537,1308,0.157,1715,Comfortable,72325,1104,0.132,1918,Comfortable,69038
394628,"Gardnerville Ranchos, NV",NV,684505,2519,0.302,504,Stretched,91866,4296,0.515,-1273,Not Viable,120550
394608,"Fort Polk South, LA",LA,160717,1412,0.169,1610,Comfortable,74015,1123,0.135,1899,Comfortable,69349
394437,"Ca-¦on City, CO",CO,336731,1403,0.168,1620,Comfortable,73858,2189,0.263,833,Comfortable,86554
394478,"Clovis, NM",NM,154267,1380,0.166,1643,Comfortable,73484,1084,0.13,1938,Comfortable,68718
395043,"Ruston, LA",LA,216140,1051,0.126,1972,Comfortable,68173,1459,0.175,1563,Comfortable,74766
395097,"Sidney, OH",OH,234724,1400,0.168,1623,Comfortable,73813,1572,0.189,1451,Comfortable,76583
395008,"Pullman, WA",WA,315057,2400,0.288,623,Comfortable,89953,2058,0.247,964,Comfortable,84436
394527,"Del Rio, TX",TX,208112,1712,0.206,1310,Comfortable,78857,1410,0.169,1612,Comfortable,73981
394876,"Montrose, CO",CO,483044,2067,0.248,955,Comfortable,84582,3076,0.369,-53,Stretched,100857
394887,"Mount Sterling, KY",KY,185626,1017,0.122,2006,Comfortable,67626,1274,0.153,1748,Comfortable,71783
753916,"Sandpoint, ID",ID,633874,2658,0.319,364,Stretched,94122,3989,0.479,-967,Not Viable,115601
753865,"Bardstown, KY",KY,257708,1083,0.13,1939,Comfortable,68702,1711,0.205,1312,Comfortable,78830
394379,"Bemidji, MN",MN,257635,2000,0.24,1023,Comfortable,83497,1710,0.205,1312,Comfortable,78822
394548,"Durant, OK",OK,226948,1629,0.196,1393,Comfortable,77514,1525,0.183,1498,Comfortable,75823
395155,"Thomasville, GA",GA,210850,1579,0.19,1443,Comfortable,76707,1427,0.171,1595,Comfortable,74249
394850,"Menomonie, WI",WI,303362,1492,0.179,1531,Comfortable,75293,1987,0.238,1035,Comfortable,83292
395208,"Washington, NC",NC,227970,1500,0.18,1523,Comfortable,75427,1531,0.184,1492,Comfortable,75923
394567,"Ellensburg, WA",WA,492584,2093,0.251,930,Comfortable,84991,3133,0.376,-111,Stretched,101789
394842,"McAlester, OK",OK,143152,1119,0.134,1904,Comfortable,69276,1017,0.122,2005,Comfortable,67632
394785,"Lewisburg, PA",PA,277582,1188,0.142,1835,Comfortable,70383,1831,0.22,1191,Comfortable,80772
394545,"Duncan, OK",OK,138032,935,0.112,2088,Comfortable,66308,986,0.118,2037,Comfortable,67131
394448,"Cedartown, GA",GA,214410,1662,0.199,1360,Comfortable,78046,1449,0.174,1574,Comfortable,74597
394677,"Henderson, NC",NC,181763,990,0.119,2032,Comfortable,67197,1251,0.15,1772,Comfortable,71406
394558,"El Campo, TX",TX,231073,1512,0.182,1510,Comfortable,75629,1550,0.186,1473,Comfortable,76226
394891,"Mountain Home, AR",AR,228129,1150,0.138,1873,Comfortable,69778,1532,0.184,1491,Comfortable,75938
394341,"Astoria, OR",OR,522537,2437,0.292,585,Comfortable,90553,3315,0.398,-292,Stretched,104717
394384,"Big Rapids, MI",MI,210178,1400,0.168,1623,Comfortable,73813,1423,0.171,1600,Comfortable,74184
394476,"Clewiston, FL",FL,277513,1990,0.239,1033,Comfortable,83336,1831,0.22,1192,Comfortable,80766
394981,"Pittsburg, KS",KS,135534,917,0.11,2106,Comfortable,66012,971,0.117,2052,Comfortable,66887
395227,"Williston, ND",ND,342706,1710,0.205,1313,Comfortable,78816,2226,0.267,797,Comfortable,87138
394300,"Ada, OK",OK,183885,979,0.118,2043,Comfortable,67021,1264,0.152,1759,Comfortable,71613
394799,"Lock Haven, PA",PA,192343,1100,0.132,1923,Comfortable,68971,1315,0.158,1708,Comfortable,72440
394554,"Easton, MD",MD,491157,2721,0.326,302,Stretched,95131,3125,0.375,-102,Stretched,101650
394771,"Laramie, WY",WY,367664,1866,0.224,1157,Comfortable,81332,2377,0.285,646,Comfortable,89578
394894,"Murray, KY",KY,178309,1275,0.153,1748,Comfortable,71796,1230,0.148,1793,Comfortable,71068
394617,"Fremont, NE",NE,234100,1472,0.177,1550,Comfortable,74979,1568,0.188,1455,Comfortable,76522
394550,"Dyersburg, TN",TN,163753,1262,0.152,1760,Comfortable,71594,1142,0.137,1881,Comfortable,69645
395137,"Sulphur Springs, TX",TX,256752,2100,0.252,923,Comfortable,85111,1705,0.205,1317,Comfortable,78736
394920,"North Platte, NE",NE,212629,1071,0.128,1952,Comfortable,68500,1438,0.173,1585,Comfortable,74423
394413,"Brenham, TX",TX,364426,1675,0.201,1348,Comfortable,78252,2357,0.283,665,Comfortable,89262
395187,"Vernal, UT",UT,353787,1575,0.189,1448,Comfortable,76638,2293,0.275,730,Comfortable,88222
394430,"Butte, MT",MT,275949,1497,0.18,1525,Comfortable,75382,1821,0.219,1201,Comfortable,80613
394713,"Jackson, WY",WY,1503963,4100,0.492,-1077,Not Viable,117391,9259,1.111,-6236,Not Viable,200653
394535,"Dixon, IL",IL,176262,1188,0.142,1835,Comfortable,70383,1218,0.146,1805,Comfortable,70868
395149,"Taos, NM",NM,439135,2649,0.318,373,Stretched,93974,2810,0.337,213,Stretched,96564
394419,"Brookings, SD",SD,305565,1518,0.182,1505,Comfortable,75715,2001,0.24,1022,Comfortable,83508
394786,"Lewisburg, TN",TN,321173,1600,0.192,1423,Comfortable,77041,2095,0.251,927,Comfortable,85034
395165,"Troy, AL",AL,162492,1200,0.144,1823,Comfortable,70580,1134,0.136,1888,Comfortable,69522
395141,"Susanville, CA",CA,224732,1150,0.138,1873,Comfortable,69778,1511,0.181,1511,Comfortable,75606
394749,"Kingsville, TX",TX,147177,1421,0.17,1602,Comfortable,74149,1041,0.125,1981,Comfortable,68025
753871,"Breckenridge, CO",CO,1391955,4883,0.586,-1861,Not Viable,130034,8580,1.03,-5558,Not Viable,189704
394751,"Kirksville, MO",MO,183372,944,0.113,2078,Comfortable,66460,1261,0.151,1762,Comfortable,71563
394892,"Mountain Home, ID",ID,347511,1819,0.218,1204,Comfortable,80569,2255,0.271,768,Comfortable,87608
394615,"Fredericksburg, TX",TX,506673,2033,0.244,989,Comfortable,84035,3219,0.386,-196,Stretched,103166
753923,"The Dalles, OR",OR,390918,1687,0.202,1336,Comfortable,78440,2518,0.302,505,Stretched,91851
394643,"Great Bend, KS",KS,119477,725,0.087,2298,Comfortable,62919,874,0.105,2149,Comfortable,65317
395110,"Spearfish, SD",SD,439304,1996,0.239,1027,Comfortable,83430,2811,0.337,212,Stretched,96581
395004,"Prineville, OR",OR,465012,1836,0.22,1186,Comfortable,80852,2966,0.356,56,Stretched,99094
394687,"Hood River, OR",OR,679945,2980,0.358,43,Stretched,99314,4268,0.512,-1246,Not Viable,120104
394959,"Pampa, TX",TX,101064,1200,0.144,1823,Comfortable,70585,762,0.091,2260,Comfortable,63517
394996,"Portales, NM",NM,141236,1125,0.135,1898,Comfortable,69369,1005,0.121,2017,Comfortable,67444
